Workbook

Sheet 0.排名表
A2: 各区复商复市排名表
A3: 序号 | B3: 地区 | C3: 限上商贸企业 | F3: 全口径商贸主体
C4: 复市数量 | D4: 复市率 | E4: 排名 | F4: 复市数量 | G4: 复市率 | H4: 排名
A5: 1 | B5: 南关区 | C5: =附件1!C5 -> 53 | D5: =附件1!D5 -> 0.31176471 | E5: 6 | F5: =附件1!H5 -> 1798 | G5: =附件1!I5 -> 0.0506 | H5: 7
A6: 2 | B6: 宽城区 | C6: =附件1!C6 -> 29 | D6: =附件1!D6 -> 0.27358491 | E6: 7 | F6: =附件1!H6 -> 2290 | G6: =附件1!I6 -> 0.05212364 | H6: 5
A7: 3 | B7: 朝阳区 | C7: =附件1!C7 -> 61 | D7: =附件1!D7 -> 0.31443299 | E7: 5 | F7: =附件1!H7 -> 2521 | G7: =附件1!I7 -> 0.052598635 | H7: 9
A8: 4 | B8: 二道区 | C8: =附件1!C8 -> 53 | D8: =附件1!D8 -> 0.40458015 | E8: 3 | F8: =附件1!H8 -> 2698 | G8: =附件1!I8 -> 0.3071144 | H8: 2
A9: 5 | B9: 绿园区 | C9: =附件1!C9 -> 23 | D9: =附件1!D9 -> 0.16428571 | E9: 10 | F9: =附件1!H9 -> 1464 | G9: =附件1!I9 -> 0.039381305 | H9: 10
A10: 6 | B10: 经开区 | C10: =附件1!C10 -> 47 | D10: =附件1!D10 -> 0.33571429 | E10: 4 | F10: =附件1!H10 -> 1995 | G10: =附件1!I10 -> 0.080381965 | H10: 3
A11: 7 | B11: 净月区 | C11: =附件1!C11 -> 35 | D11: =附件1!D11 -> 0.22292994 | E11: 9 | F11: =附件1!H11 -> 662 | G11: =附件1!I11 -> 0.044615177 | H11: 8
A12: 8 | B12: 新区 | C12: =附件1!C12 -> 30 | D12: =附件1!D12 -> 0.22900763 | E12: 8 | F12: =附件1!H12 -> 1230 | G12: =附件1!I12 -> 0.051475204 | H12: 6
A13: 9 | B13: 汽开区 | C13: =附件1!C13 -> 66 | D13: =附件1!D13 -> 0.48888889 | E13: 2 | F13: =附件1!H13 -> 810 | G13: =附件1!I13 -> 0.059734513 | H13: 4
A14: 10 | B14: 中韩示范区 | C14: =附件1!C14 -> 5 | D14: =附件1!D14 -> 0.83333333 | E14: 1 | F14: =附件1!H14 -> 190 | G14: =附件1!I14 -> 0.85972851 | H14: 1
A15: 11 | B15: 莲花山 | C15: =附件1!C15 -> 0 | D15: =附件1!D15 -> 0 | E15: 11 | F15: =附件1!H15 -> 65 | G15: =附件1!I15 -> 0.035364527 | H15: 11
A16: 12 | B16: 六县域 | C16: =附件1!C16 -> 129 | D16: =附件1!D16 -> 0.68617021 | E16: - | F16: - | G16: - | H16: -
B17: 合计 | C17: =SUM(C5:C16) -> 531 | D17: =附件1!D17 -> 0.35305851 | E17: - | F17: =SUM(F5:F16) -> 15723 | G17: =附件1!I17 -> 0.062258211 | H17: -

Sheet 附件1
A1: 附件1
A2: 各区复商复市情况统计表
A3: 序号 | B3: 地区 | C3: 限上商贸企业 | H3: 全口径商贸主体
C4: 复市数量 | D4: 复市率 | E4: 到岗人数 | F4: 上岗率 | G4: 核酸检测 人数 | H4: 复市数量 | I4: 复市率 | J4: 到岗人数 | K4: 核酸检测 人数 | L4: 持电子在岗证人数
A5: 1 | B5: 南关区 | C5: =汇总表2!U5 -> 53 | D5: =汇总表2!W5 -> 0.31176471 | E5: =汇总表2!V5 -> 4795 | F5: =汇总表2!X5 -> 0.25656803 | G5: =汇总表2!S5 -> 4795 | H5: =汇总表1!E5 -> 1798 | I5: =汇总表1!D5 -> 0.0506 | J5: =汇总表1!F5 -> 11186 | K5: =汇总表1!G5 -> 11186 | L5: =汇总表1!I5 -> 8544
A6: 2 | B6: 宽城区 | C6: =汇总表2!U6 -> 29 | D6: =汇总表2!W6 -> 0.27358491 | E6: =汇总表2!V6 -> 1541 | F6: =汇总表2!X6 -> 0.15779234 | G6: =汇总表2!S6 -> 1541 | H6: =汇总表1!E6 -> 2290 | I6: =汇总表1!D6 -> 0.05212364 | J6: =汇总表1!F6 -> 7613 | K6: =汇总表1!G6 -> 7613 | L6: =汇总表1!I6 -> 7613
A7: 3 | B7: 朝阳区 | C7: =汇总表2!U7 -> 61 | D7: =汇总表2!W7 -> 0.31443299 | E7: =汇总表2!V7 -> 2186 | F7: =汇总表2!X7 -> 0.16968097 | G7: =汇总表2!S7 -> 2780 | H7: =汇总表1!E7 -> 2521 | I7: =汇总表1!D7 -> 0.052598635 | J7: =汇总表1!F7 -> 6918 | K7: =汇总表1!G7 -> 6918 | L7: =汇总表1!I7 -> 5012
A8: 4 | B8: 二道区 | C8: =汇总表2!U8 -> 53 | D8: =汇总表2!W8 -> 0.40458015 | E8: =汇总表2!V8 -> 2598 | F8: =汇总表2!X8 -> 0.2692228 | G8: =汇总表2!S8 -> 2598 | H8: =汇总表1!E8 -> 2698 | I8: =汇总表1!D8 -> 0.3071144 | J8: =汇总表1!F8 -> 8072 | K8: =汇总表1!G8 -> 8072 | L8: =汇总表1!I8 -> 4652
A9: 5 | B9: 绿园区 | C9: =汇总表2!U9 -> 23 | D9: =汇总表2!W9 -> 0.16428571 | E9: =汇总表2!V9 -> 856 | F9: =汇总表2!X9 -> 0.16047994 | G9: =汇总表2!S9 -> 856 | H9: =汇总表1!E9 -> 1464 | I9: =汇总表1!D9 -> 0.039381305 | J9: =汇总表1!F9 -> 5067 | K9: =汇总表1!G9 -> 5067 | L9: =汇总表1!I9 -> 4813
A10: 6 | B10: 经开区 | C10: =汇总表2!U10 -> 47 | D10: =汇总表2!W10 -> 0.33571429 | E10: =汇总表2!V10 -> 1826 | F10: =汇总表2!X10 -> 0.32607143 | G10: =汇总表2!S10 -> 1826 | H10: =汇总表1!E10 -> 1995 | I10: =汇总表1!D10 -> 0.080381965 | J10: =汇总表1!F10 -> 6540 | K10: =汇总表1!G10 -> 6540 | L10: =汇总表1!I10 -> 4349
A11: 7 | B11: 净月区 | C11: =汇总表2!U11 -> 35 | D11: =汇总表2!W11 -> 0.22292994 | E11: =汇总表2!V11 -> 597 | F11: =汇总表2!X11 -> 0.10282466 | G11: =汇总表2!S11 -> 417 | H11: =汇总表1!E11 -> 662 | I11: =汇总表1!D11 -> 0.044615177 | J11: =汇总表1!F11 -> 3092 | K11: =汇总表1!G11 -> 3092 | L11: =汇总表1!I11 -> 2587
A12: 8 | B12: 新区 | C12: =汇总表2!U12 -> 30 | D12: =汇总表2!W12 -> 0.22900763 | E12: =汇总表2!V12 -> 946 | F12: =汇总表2!X12 -> 0.21918443 | G12: =汇总表2!S12 -> 946 | H12: =汇总表1!E12 -> 1230 | I12: =汇总表1!D12 -> 0.051475204 | J12: =汇总表1!F12 -> 4640 | K12: =汇总表1!G12 -> 4640 | L12: =汇总表1!I12 -> 4147
A13: 9 | B13: 汽开区 | C13: =汇总表2!U13 -> 66 | D13: =汇总表2!W13 -> 0.48888889 | E13: =汇总表2!V13 -> 1056 | F13: =汇总表2!X13 -> 0.12353767 | G13: =汇总表2!S13 -> 1056 | H13: =汇总表1!E13 -> 810 | I13: =汇总表1!D13 -> 0.059734513 | J13: =汇总表1!F13 -> 2935 | K13: =汇总表1!G13 -> 2935 | L13: =汇总表1!I13 -> 2860
A14: 10 | B14: 中韩示范区 | C14: =汇总表2!U14 -> 5 | D14: =汇总表2!W14 -> 0.83333333 | E14: =汇总表2!V14 -> 1185 | F14: =汇总表2!X14 -> 0.781147 | G14: =汇总表2!S14 -> - | H14: =汇总表1!E14 -> 190 | I14: =汇总表1!D14 -> 0.85972851 | J14: =汇总表1!F14 -> 1672 | K14: =汇总表1!G14 -> 1672 | L14: =汇总表1!I14 -> 597
A15: 11 | B15: 莲花山 | C15: =汇总表2!U15 -> 0 | D15: =汇总表2!W15 -> 0 | E15: =汇总表2!V15 -> 0 | F15: =汇总表2!X15 -> 0 | G15: =汇总表2!S15 -> 0 | H15: =汇总表1!E15 -> 65 | I15: =汇总表1!D15 -> 0.035364527 | J15: =汇总表1!F15 -> 292 | K15: =汇总表1!G15 -> 292 | L15: =汇总表1!I15 -> 261
A16: 12 | B16: 六县域 | C16: =汇总表2!U23 -> 129 | D16: =汇总表2!W23 -> 0.68617021 | E16: =汇总表2!V23 -> 5104 | F16: =汇总表2!X23 -> 0.55842451 | G16: =汇总表2!S23 -> 3904 | H16: - | I16: - | J16: - | K16: - | L16: -
B17: 合计 | C17: =SUM(C5:C16) -> 531 | D17: =汇总表2!W22 -> 0.35305851 | E17: =SUM(E5:E16) -> 22690 | F17: =汇总表2!X22 -> 0.24845061 | G17: =SUM(G5:G16) -> 20719 | H17: =SUM(H5:H16) -> 15723 | I17: =汇总表1!D16 -> 0.062258211 | J17: =SUM(J5:J16) -> 58027 | K17: =SUM(K5:K16) -> 58027 | L17: =SUM(L5:L16) -> 45435

Sheet 汇总表1
A1: 附件1
A2: 各区全口径商贸主体复商复市情况统计表
A3: 序号 | B3: 地区 | C3: 商贸主体总数（按市场局反馈数据，仅参考） | D3: 复市率 （按市场局反馈数据计算，仅参考） | E3: 商贸主体 复市数 | F3: 商贸主体 到岗人数 | G3: 商贸主体当日核酸 检测人数 | H3: 商贸主体当日抗原 检测人数 | I3: 持电子在岗证人数 | J3: 无电子在岗证人数 | K3: 无电子在岗证原因
A5: 1 | B5: 南关区 | C5: 35551 | D5: 0.0506 | E5: 1798 | F5: 11186 | G5: 11186 | H5: 11186 | I5: 8544 | J5: 2642 | K5: 962人未查到核酸结果，1680企业未审核
A6: 2 | B6: 宽城区 | C6: 43934 | D6: =E6/C6 -> 0.05212364 | E6: 2290 | F6: 7613 | G6: 7613 | H6: 7613 | I6: 7613 | J6: 0
A7: 3 | B7: 朝阳区 | C7: 47929 | D7: =E7/C7 -> 0.052598635 | E7: 2521 | F7: 6918 | G7: 6918 | H7: 6918 | I7: 5012 | J7: 1906 | K7: 系统崩溃，数据查询链接不准确，录入较慢。
A8: 4 | B8: 二道区 | C8: 8785 | D8: =E8/C8 -> 0.3071144 | E8: 2698 | F8: 8072 | G8: 8072 | H8: 8072 | I8: 4652 | J8: 3420 | K8: 正在申请中，暂未审核通过
A9: 5 | B9: 绿园区 | C9: 37175 | D9: =E9/C9 -> 0.039381305 | E9: 1464 | F9: 5067 | G9: 5067 | H9: 5067 | I9: 4813 | J9: 254 | K9: 企业申办中，等待灵动长春系统审核
A10: 6 | B10: 经开区 | C10: 24819 | D10: =E10/C10 -> 0.080381965 | E10: 1995 | F10: 6540 | G10: 6540 | H10: 6540 | I10: 4349 | J10: 2191 | K10: 核酸待审核
A11: 7 | B11: 净月区 | C11: 14838 | D11: =E11/C11 -> 0.044615177 | E11: 662 | F11: 3092 | G11: 3092 | H11: 3092 | I11: 2587 | J11: =F11-I11 -> 505 | K11: 我区7.24火灾后对全区企业进行了地毯式排查，全区正常经营的商贸企业共计4764户。
A12: 8 | B12: 新区 | C12: 23895 | D12: =E12/C12 -> 0.051475204 | E12: 1230 | F12: 4640 | G12: 4640 | H12: 4640 | I12: 4147 | J12: 493 | K12: 1、企业正在申请中/系统正在反馈中；2、企业行政区域填写有误，以至于无法审批。
A13: 9 | B13: 汽开区 | C13: 13560 | D13: =E13/C13 -> 0.059734513 | E13: 810 | F13: 2935 | G13: 2935 | H13: 2935 | I13: 2860 | J13: 75 | K13: 申办中
A14: 10 | B14: 中韩示范区 | C14: 221 | D14: =E14/C14 -> 0.85972851 | E14: 190 | F14: 1672 | G14: 1672 | H14: 1672 | I14: 597 | J14: 1075 | K14: 一、示范区内实际第一阶段应开尽开的商贸主体单位202家，实际开业190家，开业率94.06%， 二、京东亚一封闭管理非流动人员及相对封闭的村屯商超人员，未办理电子在岗证，次类人员相对不流动。 三、示范区商务局实际审批商贸主体持电子证人员251人，另外346人为长春市首批保供单位吉林北药集团和京东员工，该企业电子在岗证审批权限不在示范区。
A15: 11 | B15: 莲花山 | C15: 1838 | D15: =E15/C15 -> 0.035364527 | E15: 65 | F15: 292 | G15: 292 | H15: 292 | I15: 261 | J15: 31 | K15: 正在申领途中
B16: 合计 | C16: =SUM(C5:C15) -> 252545 | D16: =E16/C16 -> 0.062258211 | E16: =SUM(E5:E15) -> 15723 | F16: =SUM(F5:F15) -> 58027 | G16: =SUM(G5:G15) -> 58027 | H16: =SUM(H5:H15) -> 58027 | I16: =SUM(I5:I15) -> 45435 | J16: =SUM(J5:J15) -> 12592

Sheet 汇总表2
A1: 附件2
A2: 各区限上企业复商复市情况统计表
A3: 序号 | B3: 地区 | C3: 限上批发企业 | G3: 限上零售企业 | K3: 限上住宿企业 | O3: 限上餐饮企业 | S3: 限上 企业 核酸 检测 人数 | T3: 限上 企业 抗原 检测 人数 | U3: 限上企业 | W3: 限上企业 | Y3: 未做 核酸 原因
C4: 总户数 | D4: 复市 户数 | E4: 总人数 | F4: 复岗 人数 | G4: 总户数 | H4: 复市 户数 | I4: 总人数 | J4: 复岗 人数 | K4: 总户数 | L4: 复市 户数 | M4: 总人数 | N4: 复岗人数 | O4: 总户数 | P4: 复市 户数 | Q4: 总人数 | R4: 复岗人数 | U4: 总复 市数 | V4: 总返岗人数 | W4: 总复市率 | X4: 总返岗率
A5: 1 | B5: 南关区 | C5: 80 | D5: 21 | E5: 4471 | F5: 635 | G5: 50 | H5: 12 | I5: 11184 | J5: 3661 | K5: 19 | L5: 18 | M5: 1694 | N5: 439 | O5: 21 | P5: 2 | Q5: 1340 | R5: 60 | S5: 4795 | T5: 4795 | U5: =D5+H5+L5+P5 -> 53 | V5: =F5+J5+N5+R5 -> 4795 | W5: =(D5+H5+L5+P5)/(C5+G5+K5+O5) -> 0.31176471 | X5: =(F5+J5+N5+R5)/(E5+I5+M5+Q5) -> 0.25656803
A6: 2 | B6: 宽城区 | C6: 64 | D6: 18 | E6: 3473 | F6: 437 | G6: 32 | H6: 9 | I6: 3895 | J6: 1025 | K6: 5 | L6: 0 | M6: 726 | N6: 0 | O6: 5 | P6: 2 | Q6: 1672 | R6: 79 | S6: =R6+J6+F6 -> 1541 | T6: 1541 | U6: =D6+H6+L6+P6 -> 29 | V6: =F6+J6+N6+R6 -> 1541 | W6: =(D6+H6+L6+P6)/(C6+G6+K6+O6) -> 0.27358491 | X6: =(F6+J6+N6+R6)/(E6+I6+M6+Q6) -> 0.15779234
A7: 3 | B7: 朝阳区 | C7: 72 | D7: 11 | E7: 2219 | F7: 137 | G7: 90 | H7: 24 | I7: 7261 | J7: 1366 | K7: 22 | L7: 21 | M7: 2616 | N7: 475 | O7: 10 | P7: 5 | Q7: 787 | R7: 208 | S7: 2780 | T7: 2780 | U7: =D7+H7+L7+P7 -> 61 | V7: =F7+J7+N7+R7 -> 2186 | W7: =(D7+H7+L7+P7)/(C7+G7+K7+O7) -> 0.31443299 | X7: =(F7+J7+N7+R7)/(E7+I7+M7+Q7) -> 0.16968097
A8: 4 | B8: 二道区 | C8: 95 | D8: 40 | E8: 6659 | F8: 1145 | G8: 29 | H8: 11 | I8: 2212 | J8: 1378 | K8: 6 | L8: 1 | M8: 479 | N8: 25 | O8: 1 | P8: 1 | Q8: 300 | R8: 50 | S8: 2598 | T8: 2598 | U8: =D8+H8+L8+P8 -> 53 | V8: =F8+J8+N8+R8 -> 2598 | W8: =(D8+H8+L8+P8)/(C8+G8+K8+O8) -> 0.40458015 | X8: =(F8+J8+N8+R8)/(E8+I8+M8+Q8) -> 0.2692228
A9: 5 | B9: 绿园区 | C9: 97 | D9: 13 | E9: 2399 | F9: 334 | G9: 28 | H9: 6 | I9: 2132 | J9: 491 | K9: 3 | L9: 0 | M9: 463 | N9: 0 | O9: 12 | P9: 4 | Q9: 340 | R9: 31 | S9: 856 | T9: 856 | U9: =D9+H9+L9+P9 -> 23 | V9: =F9+J9+N9+R9 -> 856 | W9: =(D9+H9+L9+P9)/(C9+G9+K9+O9) -> 0.16428571 | X9: =(F9+J9+N9+R9)/(E9+I9+M9+Q9) -> 0.16047994
A10: 6 | B10: 经开区 | C10: 55 | D10: 12 | E10: 1955 | F10: 934 | G10: 72 | H10: 28 | I10: 3180 | J10: 765 | K10: 4 | L10: 3 | M10: 101 | N10: 62 | O10: 9 | P10: 4 | Q10: 364 | R10: 65 | S10: 1826 | T10: 1826 | U10: =D10+H10+L10+P10 -> 47 | V10: =F10+J10+N10+R10 -> 1826 | W10: =(D10+H10+L10+P10)/(C10+G10+K10+O10) -> 0.33571429 | X10: =(F10+J10+N10+R10)/(E10+I10+M10+Q10) -> 0.32607143
A11: 7 | B11: 净月区 | C11: 75 | D11: 10 | E11: 2224 | F11: 130 | G11: 55 | H11: 23 | I11: 2303 | J11: 323 | K11: 13 | L11: 0 | M11: 749 | N11: 0 | O11: 14 | P11: 2 | Q11: 530 | R11: 144 | S11: 417 | T11: 417 | U11: =D11+H11+L11+P11 -> 35 | V11: =F11+J11+N11+R11 -> 597 | W11: =(D11+H11+L11+P11)/(C11+G11+K11+O11) -> 0.22292994 | X11: =(F11+J11+N11+R11)/(E11+I11+M11+Q11) -> 0.10282466
A12: 8 | B12: 新区 | C12: 45 | D12: 15 | E12: 2107 | F12: 619 | G12: 62 | H12: 2 | I12: 1271 | J12: 40 | K12: 13 | L12: 11 | M12: 706 | N12: 154 | O12: 11 | P12: 2 | Q12: 232 | R12: 133 | S12: 946 | T12: 946 | U12: =D12+H12+L12+P12 -> 30 | V12: =F12+J12+N12+R12 -> 946 | W12: =(D12+H12+L12+P12)/(C12+G12+K12+O12) -> 0.22900763 | X12: =(F12+J12+N12+R12)/(E12+I12+M12+Q12) -> 0.21918443
A13: 9 | B13: 汽开区 | C13: 12 | D13: 7 | E13: 135 | F13: 31 | G13: 113 | H13: 52 | I13: 6195 | J13: 498 | K13: 3 | L13: 0 | M13: 650 | N13: 0 | O13: 7 | P13: 7 | Q13: 1568 | R13: 527 | S13: 1056 | T13: 1056 | U13: =D13+H13+L13+P13 -> 66 | V13: =F13+J13+N13+R13 -> 1056 | W13: =(D13+H13+L13+P13)/(C13+G13+K13+O13) -> 0.48888889 | X13: =(F13+J13+N13+R13)/(E13+I13+M13+Q13) -> 0.12353767
A14: 10 | B14: 中韩 | C14: 3 | D14: 3 | E14: 196 | F14: 154 | G14: 3 | H14: 2 | I14: 1321 | J14: 1031 | K14: 0 | L14: 0 | M14: 0 | N14: 0 | O14: 0 | P14: 0 | Q14: 0 | R14: 0 | S14: - | T14: - | U14: =D14+H14+L14+P14 -> 5 | V14: =F14+J14+N14+R14 -> 1185 | W14: =(D14+H14+L14+P14)/(C14+G14+K14+O14) -> 0.83333333 | X14: =(F14+J14+N14+R14)/(E14+I14+M14+Q14) -> 0.781147
A15: 11 | B15: 莲花山 | C15: 0 | D15: 0 | E15: 0 | F15: 0 | G15: 3 | H15: 0 | I15: 22 | J15: 0 | K15: 2 | L15: 0 | M15: 44 | N15: 0 | O15: 1 | P15: 0 | Q15: 11 | R15: 0 | S15: 0 | T15: 0 | U15: =D15+H15+L15+P15 -> 0 | V15: =F15+J15+N15+R15 -> 0 | W15: =(D15+H15+L15+P15)/(C15+G15+K15+O15) -> 0 | X15: =(F15+J15+N15+R15)/(E15+I15+M15+Q15) -> 0
A16: 12 | B16: 公主岭 | C16: 7 | D16: 7 | E16: 607 | F16: 328 | G16: 16 | H16: 15 | I16: 1286 | J16: 705 | K16: 0 | L16: 0 | M16: 0 | N16: 0 | O16: 0 | P16: 0 | Q16: 0 | R16: 0 | S16: 566 | T16: 382 | U16: =D16+H16+L16+P16 -> 22 | V16: =F16+J16+N16+R16 -> 1033 | W16: =(D16+H16+L16+P16)/(C16+G16+K16+O16) -> 0.95652174 | X16: =(F16+J16+N16+R16)/(E16+I16+M16+Q16) -> 0.54569466
A17: 13 | B17: 榆树 | C17: 15 | D17: 15 | E17: 277 | F17: 142 | G17: 16 | H17: 15 | I17: 1563 | J17: 1176 | K17: 2 | L17: 0 | M17: 96 | N17: 0 | O17: 0 | P17: 0 | Q17: 0 | R17: 0 | S17: =F17+J17+N17 -> 1318 | T17: —— | U17: =D17+H17+L17+P17 -> 30 | V17: =F17+J17+N17+R17 -> 1318 | W17: =(D17+H17+L17+P17)/(C17+G17+K17+O17) -> 0.90909091 | X17: =(F17+J17+N17+R17)/(E17+I17+M17+Q17) -> 0.68078512
A18: 14 | B18: 双阳 | C18: 7 | D18: 7 | E18: 135 | F18: 125 | G18: 7 | H18: 7 | I18: 898 | J18: 898 | K18: 0 | L18: 0 | M18: 0 | N18: 0 | O18: 2 | P18: 0 | Q18: 475 | R18: 0 | S18: 1023 | T18: 1023 | U18: =D18+H18+L18+P18 -> 14 | V18: =F18+J18+N18+R18 -> 1023 | W18: =(D18+H18+L18+P18)/(C18+G18+K18+O18) -> 0.875 | X18: =(F18+J18+N18+R18)/(E18+I18+M18+Q18) -> 0.67838196
A19: 15 | B19: 德惠 | C19: 5 | D19: 3 | E19: 161 | F19: 47 | G19: 7 | H19: 6 | I19: 461 | J19: 430 | K19: 0 | L19: 0 | M19: 0 | N19: 0 | O19: 1 | P19: 0 | Q19: 45 | R19: 0 | S19: 477 | T19: 477 | U19: =D19+H19+L19+P19 -> 9 | V19: =F19+J19+N19+R19 -> 477 | W19: =(D19+H19+L19+P19)/(C19+G19+K19+O19) -> 0.69230769 | X19: =(F19+J19+N19+R19)/(E19+I19+M19+Q19) -> 0.71514243
A20: 16 | B20: 农安 | C20: 34 | D20: 18 | E20: 405 | F20: 183 | G20: 17 | H20: 14 | I20: 450 | J20: 337 | K20: 0 | L20: 0 | M20: 0 | N20: 0 | O20: 1 | P20: 0 | Q20: 126 | R20: 0 | S20: 520 | T20: 520 | U20: =D20+H20+L20+P20 -> 32 | V20: =F20+J20+N20+R20 -> 520 | W20: =(D20+H20+L20+P20)/(C20+G20+K20+O20) -> 0.61538462 | X20: =(F20+J20+N20+R20)/(E20+I20+M20+Q20) -> 0.53007136
A21: 17 | B21: 九台 | C21: 24 | D21: 5 | E21: 1175 | F21: 137 | G21: 20 | H21: 15 | I21: 770 | J21: 561 | K21: 0 | L21: 0 | M21: 0 | N21: 0 | O21: 7 | P21: 2 | Q21: 210 | R21: 35 | S21: —— | T21: —— | U21: =D21+H21+L21+P21 -> 22 | V21: =F21+J21+N21+R21 -> 733 | W21: =(D21+H21+L21+P21)/(C21+G21+K21+O21) -> 0.43137255 | X21: =(F21+J21+N21+R21)/(E21+I21+M21+Q21) -> 0.34013921
B22: 合计 | C22: =SUM(C5:C21) -> 690 | D22: =SUM(D5:D21) -> 205 | E22: =SUM(E5:E21) -> 28598 | F22: =SUM(F5:F21) -> 5518 | G22: =SUM(G5:G21) -> 620 | H22: =SUM(H5:H21) -> 241 | I22: =SUM(I5:I21) -> 46404 | J22: =SUM(J5:J21) -> 14685 | ... V22: =SUM(V5:V21) -> 22690 | W22: =(D22+H22+L22+P22)/(C22+G22+K22+O22) -> 0.35305851 | X22: =(F22+J22+N22+R22)/(E22+I22+M22+Q22) -> 0.24845061
B23: 六县域合计 | C23: =SUM(C16:C21) -> 92 | D23: =SUM(D16:D21) -> 55 | E23: =SUM(E16:E21) -> 2760 | F23: =SUM(F16:F21) -> 962 | G23: =SUM(G16:G21) -> 83 | H23: =SUM(H16:H21) -> 72 | I23: =SUM(I16:I21) -> 5428 | J23: =SUM(J16:J21) -> 4107 | ... T23: =SUM(T16:T21) -> 2402 | U23: =D23+H23+L23+P23 -> 129 | V23: =F23+J23+N23+R23 -> 5104 | W23: =(D23+H23+L23+P23)/(C23+G23+K23+O23) -> 0.68617021 | X23: =(F23+J23+N23+R23)/(E23+I23+M23+Q23) -> 0.55842451
